sentence #,
1,
2,
4,
5,
6,
9,
13,
14,
16,
17,
18,
19,
20,
21,
22,
23,
24,
25,
26,
27,
28,
29,
30,
31,
32,
33,
34,
35,
36,
37,
38,
39,
40,
42,
45,
46,
48,
49,
50,
51,
52,
53,
54,
55,
56,
57,
58,
59,
60,
61,
62,
63,
64,
65,
66,
67,
68,
69,
70,
71,
72,
73,
74,
75,
76,
77,
78,
79,
80,
81,
82,
83,
84,
85,
86,
87,
88,
89,
93,
95,
96,
97,
98,
99,
100,
101,
102,
103,
104,
105,
107,
108,
109,
110,
111,
113,
114,
115,
116,
117,
118,
119,
120,
121,
125,
127,
128,
129,
130,
132,
133,
135,
136,
137,
138,
139,
140,
141,
142,
143,
145,
149,
150,
151,
152,
153,
154,
156,
157,
158,
159,
160,
161,
162,
163,
164,
165,
166,
167,
168,
170,
171,
173,
174,
175,
176,
177,
178,
179,
180,
181,
182,
183,
184,
186,
187,
188,
189,
190,
191,
192,
193,
194,
195,
196,
197,
198,
199,
200,
201,
202,
204,
205,
206,
207,
208,
209,
210,
211,
212,
213,
214,
215,
216,
217,
218,
219,
222,
224,
225,
226,
227,
228,
230,
235,
237,
238,
239,
240,
241,
242,
243,
244,
245,
246,
247,
248,
249,
250,
251,
252,
253,
254,
255,
256,
257,
258,
259,
260,
261,
262,
264,
265,
266,
267,
268,
269,
270,
271,
272,
273,
274,
275,
277,
278,
279,
280,
281,
282,
283,
284,
285,
286,
287,
288,
289,
290,
291,
292,
293,
296,
297,
298,
300,
301,
302,
303,
304,
307,
308,
309,
310,
311,
312,
313,
314,
315,
317,
319,
320,
321,
322,
323,
325,
326,
328,
329,
330,
331,
332,
333,
334,
335,
336,
337,
338,
339,
340,
341,
342,
343,
345,
346,
347,
348,
351,
352,
353,
355,
356,
357,
359,
360,
361,
362,
363,
365,
367,
368,
369,
370,
372,
373,
374,
376,
377,
378,
379,
380,
381,
382,
383,
384,
385,
386,
388,
389,
390,
391,
392,
393,
394,
396,
398,
399,
400,
401,
402,
403,
404,
405,
406,
407,
408,
409,
410,
411,
412,
414,
415,
416,
417,
418,
419,
421,
422,
423,
424,
425,
426,
427,
428,
429,
430,
431,
433,
434,
435,
437,
438,
439,
442,
443,
444,
445,
449,
450,
451,
452,
453,
454,
455,
456,
457,
459,
460,
461,
462,
463,
464,
465,
466,
467,
469,
470,
471,
473,
474,
475,
476,
478,
479,
480,
481,
482,
483,
484,
485,
486,
487,
488,
489,
490,
493,
495,
496,
497,
498,
499,
500,
501,
502,
503,
504,
505,
506,
507,
508,
509,
510,
511,
512,
513,
514,
515,
516,
517,
518,
519,
520,
521,
522,
523,
532,
533,
534,
535,
536,
537,
539,
540,
541,
542,
543,
544,
545,
546,
547,
548,
549,
551,
552,
553,
554,
555,
557,
558,
559,
560,
561,
562,
563,
564,
565,
566,
569,
570,
572,
573,
574,
575,
576,
577,
578,
579,
580,
581,
582,
583,
584,
587,
588,
589,
590,
591,
592,
593,
594,
595,
596,
598,
599,
600,
601,
602,
605,
609,
610,
611,
612,
613,
614,
615,
616,
617,
618,
619,
621,
622,
623,
624,
625,
626,
627,
628,
629,
630,
633,
636,
637,
640,
641,
642,
643,
646,
647,
648,
649,
650,
651,
652,
653,
654,
655,
656,
657,
658,
659,
660,
662,
663,
664,
665,
666,
667,
669,
670,
671,
672,
673,
675,
676,
677,
678,
680,
681,
682,
683,
685,
686,
687,
689,
690,
691,
692,
693,
694,
695,
697,
698,
700,
701,
702,
703,
704,
705,
706,
707,
708,
709,
710,
711,
712,
714,
717,
719,
720,
721,
722,
723,
724,
725,
726,
727,
728,
730,
731,
732,
733,
734,
735,
736,
737,
738,
739,
740,
741,
742,
743,
744,
745,
747,
749,
750,
751,
752,
753,
754,
755,
756,
757,
758,
760,
761,
762,
763,
764,
765,
766,
767,
768,
769,
770,
771,
772,
774,
775,
776,
777,
778,
779,
780,
781,
782,
783,
784,
785,
786,
787,
788,
789,
790,
791,
792,
793,
794,
795,
796,
797,
798,
799,
800,
801,
802,
803,
805,
806,
807,
808,
810,
813,
814,
815,
816,
817,
818,
819,
820,
821,
822,
823,
825,
827,
828,
830,
831,
833,
834,
835,
836,
837,
839,
840,
841,
843,
845,
846,
848,
849,
850,
852,
853,
854,
855,
856,
857,
858,
861,
862,
863,
865,
866,
867,
868,
869,
870,
871,
872,
873,
876,
877,
878,
880,
881,
882,
883,
884,
886,
887,
888,
889,
890,
891,
892,
893,
894,
895,
899,
900,
901,
902,
903,
904,
905,
906,
907,
909,
910,
911,
912,
913,
915,
916,
917,
918,
919,
920,
921,
922,
923,
925,
926,
931,
932,
934,
935,
937,
938,
939,
940,
941,
942,
943,
944,
948,
949,
950,
951,
958,
959,
960,
961,
963,
964,
965,
969,
975,
977,
978,
983,
986,
987,
988,
989,
990,
991,
992,
993,
996,
997,
998,
999,
1000,
1001,
1002,
1003,
1005,
1008,
1009,
1010,
1011,
1012,
1013,
1014,
1015,
1016,
1017,
1018,
1019,
1020,
1021,
1022,
1023,
1024,
1025,
1026,
1027,
1028,
1030,
1031,
1032,
1033,
1035,
1037,
1038,
1039,
1040,
1042,
1043,
1044,
1045,
1046,
1047,
1048,
1049,
1050,
1051,
1052,
1055,
1056,
1057,
1058,
1059,
1060,
1061,
1062,
1065,
1066,
1067,
1068,
1069,
1070,
1071,
1072,
1073,
1074,
1075,
1076,
1077,
1078,
1079,
1081,
1082,
1083,
1084,
1085,
1087,
1088,
1089,
1090,
1091,
1092,
1093,
1094,
1095,
1096,
1097,
1098,
1099,
1100,
1101,
1102,
1103,
1104,
1105,
1106,
1107,
1108,
1109,
1112,
1114,
1115,
1116,
1117,
1118,
1120,
1121,
1122,
1123,
1124,
1125,
1126,
1127,
1129,
1130,
1131,
1134,
1136,
1137,
1143,
1146,
1147,
1152,
1153,
1154,
1155,
1165,
1166,
1167,
1168,
1169,
1172,
1173,
1174,
1175,
1176,
1177,
1178,
1179,
1180,
1181,
1183,
1184,
1185,
1186,
1187,
1188,
1189,
1190,
1191,
1192,
1193,
1194,
1195,
1196,
1197,
1198,
1199,
1200,
1201,
1202,
1203,
1204,
1205,
1206,
1207,
1208,
1209,
1210,
1212,
1213,
1215,
1216,
1217,
1218,
1219,
1221,
1222,
1223,
1224,
1225,
1226,
1227,
1228,
1230,
1232,
1233,
1238,
1239,
1240,
1241,
1242,
1243,
1244,
1245,
1246,
1247,
1248,
1249,
1252,
1257,
1258,
1259,
1260,
1261,
1262,
1263,
1264,
1265,
1266,
1267,
1268,
1269,
1270,
1271,
1272,
1273,
1274,
1275,
1276,
1278,
1279,
1280,
1281,
1282,
1283,
1284,
1285,
1286,
1287,
1289,
1290,
1291,
1292,
1297,
1298,
1299,
1300,
1301,
1303,
1304,
1305,
1306,
1307,
1309,
1310,
1311,
1312,
1313,
1316,
1317,
1319,
1324,
1325,
1326,
1327,
1328,
1329,
1330,
1331,
1332,
1335,
1336,
1337,
1338,
1342,
1343,
1344,
1346,
1347,
1348,
1349,
1350,
1351,
1353,
1355,
1357,
1358,
1369,
1370,
1371,
1372,
1373,
1374,
1375,
1376,
1377,
1378,
1380,
1381,
1385,
1386,
1387,
1388,
1389,
1390,
1391,
1392,
1393,
1394,
1395,
1396,
1397,
1398,
1399,
1401,
1402,
1403,
1404,
1405,
1406,
1407,
1408,
1409,
1410,
1411,
1412,
1413,
1414,
1415,
1416,
1417,
1418,
1419,
1421,
1422,
1428,
1429,
1430,
1431,
1432,
1433,
1434,
1440,
1441,
1442,
1443,
1444,
1445,
1446,
1447,
1448,
1452,
1454,
1457,
1458,
1459,
1460,
1461,
1462,
1464,
1465,
1466,
1467,
1468,
1469,
1471,
1472,
1473,
1474,
1476,
1477,
1478,
1479,
1480,
1481,
1482,
1483,
1484,
1485,
1486,
1490,
1491,
1492,
1493,
1494,
1495,
1496,
1497,
1498,
1499,
1500,
1502,
1503,
1505,
1506,
1507,
1508,
1509,
1510,
1511,
1512,
1513,
1514,
1515,
1516,
1517,
1518,
1519,
1520,
1521,
1522,
1523,
1524,
1526,
1527,
1528,
1529,
1530,
1531,
1532,
1533,
1534,
1535,
1536,
1537,
1538,
1539,
1540,
1541,
1544,
1545,
1546,
1547,
1548,
1549,
1550,
1551,
1552,
1553,
1555,
1556,
1557,
1558,
1559,
1560,
1561,
1562,
1563,
1564,
1565,
1566,
1567,
1568,
1569,
1570,
1571,
1572,
1573,
1574,
1575,
1576,
1577,
1578,
1579,
1580,
1581,
1582,
1583,
1584,
1586,
1587,
1588,
1589,
1590,
1591,
1592,
1593,
1594,
1595,
1596,
1597,
1598,
1599,
1600,
1601,
1602,
1603,
1606,
1609,
1610,
1611,
1612,
1613,
1618,
1623,
1624,
1625,
1626,
1627,
1628,
1629,
1630,
1632,
1633,
1634,
1635,
1636,
1637,
1638,
1639,
1640,
1641,
1642,
1643,
1644,
1645,
1647,
1648,
1649,
1650,
1651,
1652,
1653,
1654,
1655,
1656,
1657,
1658,
1659,
1660,
1664,
1665,
1669,
1671,
1672,
1673,
1674,
1675,
1676,
1677,
1678,
1679,
1680,
1681,
1682,
1683,
1684,
1685,
1686,
1687,
1688,
1689,
1690,
1691,
1692,
1695,
1696,
1697,
1698,
1699,
1700,
1701,
1702,
1703,
1706,
1707,
1708,
1709,
1710,
1711,
1712,
1713,
1714,
1715,
1716,
1717,
1718,
1719,
1720,
1721,
1722,
1723,
1735,
1736,
1737,
1738,
1739,
1740,
1741,
1742,
1743,
1744,
1746,
1747,
1748,
1749,
1750,
1752,
1753,
1754,
1755,
1756,
1757,
1758,
1759,
1760,
1761,
1762,
1763,
1764,
1765,
1766,
1767,
1768,
1769,
1770,
1771,
1772,
1778,
1779,
1780,
1781,
1783,
1785,
1786,
1789,
1793,
1794,
1795,
1798,
1799,
1800,
1801,
1802,
1803,
1804,
1805,
1806,
1807,
1808,
1809,
1810,
1811,
1812,
1813,
1814,
1815,
1816,
1817,
1818,
1820,
1821,
1822,
1825,
1826,
1827,
1828,
1829,
1830,
1831,
1832,
1833,
1838,
1844,
1845,
1846,
1847,
1848,
1849,
1850,
1851,
1852,
1853,
1854,
1855,
1856,
1857,
1858,
1859,
1860,
1861,
1862,
1863,
1864,
1865,
1866,
1867,
1868,
1869,
1870,
1871,
1872,
1878,
1879,
1881,
1882,
1883,
1884,
1885,
1887,
1888,
1889,
1890,
1891,
1892,
1893,
1894,
1895,
1896,
1897,
1898,
1899,
1900,
1901,
1902,
1903,
1904,
1905,
1906,
1907,
1908,
1909,
1910,
1911,
1912,
1913,
1914,
1915,
1916,
1917,
1918,
1919,
1922,
1923,
1924,
1925,
1926,
1927,
1928,
1929,
1930,
1931,
1932,
1935,
1938,
1946,
1947,
1948,
1949,
1950,
1951,
1952,
1953,
1954,
1955,
1956,
1957,
1958,
1959,
1960,
1961,
1962,
1963,
1964,
1965,
1966,
1967,
1968,
1969,
1970,
1972,
1973,
1974,
1975,
1976,
1977,
1978,
1979,
1980,
1981,
1982,
1983,
1984,
1985,
1992,
1993,
1994,
1995,
1996,
1997,
1998,
1999,
2000,
2001,
2002,
2003,
2004,
2005,
2006,
2007,
2008,
2009,
2010,
2011,
2012,
2013,
2014,
2015,
2017,
2025,
2026,
2027,
2028,
2029,
2030,
2031,
2032,
2033,
2034,
2035,
2036,
2037,
2038,
2039,
2040,
2041,
2042,
2043,
2044,
2045,
2046,
2047,
2048,
2049,
2050,
2051,
2052,
2053,
2055,
2056,
2057,
2058,
2059,
2060,
2061,
2062,
2064,
2065,
2066,
2067,
2068,
2069,
2070,
2071,
2072,
2073,
2074,
2075,
2076,
2077,
2078,
2079,
2080,
2081,
2082,
2083,
2084,
2085,
2087,
2088,
2090,
2091,
2092,
2093,
2094,
2095,
2096,
2097,
2098,
2099,
2100,
2101,
2102,
2103,
2104,
2105,
2106,
2108,
2109,
2113,
2119,
2120,
2121,
2122,
2123,
2124,
2125,
2126,
2127,
2128,
2129,
2130,
2131,
2132,
2133,
2134,
2135,
2137,
2138,
2139,
2140,
2141,
2142,
2143,
2151,
2152,
2153,
2154,
2155,
2156,
2157,
2161,
2162,
2163,
2164,
2165,
2166,
2167,
2169,
2171,
2172,
2173,
2174,
2175,
2176,
2177,
2178,
2179,
2180,
2181,
2183,
2184,
2185,
2187,
2188,
2189,
2190,
2191,
2192,
2193,
2194,
2195,
2196,
2197,
2198,
2200,
2202,
2203,
2204,
2205,
2206,
2207,
2208,
2209,
2210,
2211,
2212,
2213,
2214,
2220,
2221,
2222,
2223,
2224,
2225,
2226,
2227,
2228,
2229,
2230,
2231,
2232,
2233,
2234,
2235,
2236,
2237,
2238,
2239,
2240,
2241,
2242,
2243,
2244,
2245,
2246,
2248,
2249,
2250,
2251,
2252,
2253,
2254,
2255,
2256,
2257,
2258,
2259,
2261,
2262,
2264,
2265,
2266,
2267,
2268,
2269,
2272,
2273,
2274,
2275,
2276,
2277,
2278,
2279,
2280,
2281,
2282,
2283,
2284,
2285,
2286,
2287,
2288,
2289,
2290,
2291,
2292,
2293,
2294,
2295,
2296,
2297,
2298,
2299,
2300,
2301,
2302,
2303,
2304,
2305,
2306,
2307,
2308,
2309,
2310,
2311,
2312,
2313,
2314,
2315,
2316,
2317,
2318,
2319,
2320,
2321,
2322,
2323,
2324,
2325,
2326,
2327,
2328,
2329,
2330,
2331,
2332,
2333,
2334,
2335,
2336,
2337,
2338,
2339,
2340,
2341,
2342,
2343,
2344,
2345,
2346,
2347,
2348,
2349,
2350,
2351,
2352,
2353,
2354,
2355,
2356,
2357,
2358,
2360,
2361,
2362,
2363,
2365,
2366,
2368,
2371,
2372,
2373,
2374,
2375,
2376,
2377,
2378,
2379,
2380,
2381,
2382,
2383,
2384,
2385,
2386,
2387,
2388,
2389,
2391,
2392,
2393,
2394,
2395,
2396,
2397,
2398,
2399,
2400,
2401,
2402,
2403,
2404,
2405,
2406,
2407,
2408,
2412,
2413,
2414,
2415,
2416,
2418,
2419,
2420,
2422,
2423,
2424,
2425,
2426,
2427,
2428,
2429,
2430,
2431,
2432,
2433,
2434,
2435,
2436,
2437,
2438,
2439,
2440,
2441,
2442,
2443,
2444,
2445,
2446,
2448,
2449,
2450,
2451,
2452,
2453,
2454,
2455,
2456,
2457,
2458,
2459,
2460,
2461,
2462,
2463,
2464,
2465,
2466,
2467,
2468,
2469,
2470,
2471,
2472,
2473,
2474,
2475,
2476,
2477,
2478,
2479,
2480,
2482,
2483,
2484,
2485,
2486,
2487,
2488,
2489,
2490,
2491,
2492,
2493,
2494,
2495,
2496,
2497,
2498,
2499,
2500,
2501,
2502,
2503,
2504,
2505,
2506,
2507,
2509,
2510,
2511,
2512,
2513,
2514,
2515,
2516,
2517,
2518,
2519,
2520,
2521,
2522,
2523,
2528,
2529,
2531,
2532,
2533,
2536,
2537,
2538,
2539,
2542,
2543,
2544,
2545,
2546,
2547,
2548,
2549,
2550,
2551,
2552,
2553,
2554,
2555,
2556,
2559,
2560,
2561,
2562,
2563,
2564,
2565,
2566,
2568,
2569,
2570,
2571,
2572,
2573,
2574,
2575,
2576,
2577,
2578,
2579,
2580,
2581,
2582,
2583,
2584,
2586,
2587,
2588,
2589,
2591,
2592,
2593,
2594,
2595,
2596,
2597,
2598,
2599,
2600,
2601,
2602,
2603,
2604,
2605,
2606,
2608,
2609,
2610,
2611,
2613,
2615,
2616,
2617,
2619,
2620,
2621,
2622,
2623,
2624,
2625,
2626,
2627,
2628,
2629,
2630,
2631,
2632,
2633,
2634,
2635,
2637,
2638,
2639,
2640,
2641,
2642,
2645,
2646,
2647,
2648,
2649,
2650,
2651,
2652,
2653,
2654,
2655,
2657,
2658,
2659,
2660,
2661,
2662,
2663,
2664,
2665,
2666,
2667,
2668,
2669,
2670,
2671,
2672,
2673,
2674,
2678,
2679,
2680,
2681,
2682,
2683,
2685,
2686,
2687,
2688,
2689,
2690,
2691,
2692,
2693,
2694,
2695,
2696,
2697,
2698,
2699,
2700,
2701,
2702,
2703,
2704,
2705,
2706,
2707,
2708,
2709,
2710,
2711,
2712,
2713,
2714,
2715,
2716,
2717,
2718,
2719,
2720,
2721,
2722,
2723,
2724,
2725,
2726,
2727,
2728,
2729,
2731,
2732,
2733,
2734,
2735,
2736,
2737,
2738,
2739,
2740,
2741,
2742,
2743,
2746,
2747,
2748,
2749,
2750,
2751,
2752,
2753,
2754,
2755,
2756,
2761,
2762,
2763,
2764,
2765,
2766,
2767,
2768,
2769,
2770,
2771,
2772,
2773,
2774,
2775,
2776,
2777,
2778,
2779,
2780,
2781,
2782,
2783,
2784,
2785,
2786,
2787,
2788,
2789,
2790,
2791,
2792,
2793,
2794,
2795,
2796,
2797,
2798,
2799,
2800,
2801,
2802,
2803,
2804,
2805,
2806,
2807,
2808,
2809,
2810,
2811,
2812,
2813,
2814,
2815,
2816,
2817,
2818,
2822,
2823,
2824,
2825,
2826,
2827,
2828,
2829,
2830,
2831,
2832,
2833,
2834,
2835,
2836,
2837,
2838,
2839,
2840,
2841,
2842,
2843,
2844,
2845,
2846,
2847,
2848,
2849,
2850,
2851,
2852,
2853,
2854,
2855,
2856,
2857,
2858,
2859,
2860,
2862,
2864,
2866,
2867,
2868,
2869,
2870,
2871,
2872,
2880,
2881,
2882,
2883,
2884,
2885,
2886,
2887,
2888,
2889,
2890,
2891,
2892,
2893,
2894,
2895,
2896,
2897,
2898,
2899,
2900,
2901,
2902,
2903,
2905,
2907,
2908,
2909,
2910,
2911,
2912,
2913,
2914,
2915,
2916,
2917,
2918,
2919,
2920,
2921,
2922,
2923,
2924,
2925,
2926,
2927,
2928,
2929,
2930,
2931,
2932,
2933,
2934,
2935,
2936,
2937,
2938,
2939,
2940,
2941,
2942,
2943,
2944,
2945,
2946,
2947,
2948,
2949,
2951,
2952,
2953,
2954,
2955,
2956,
2957,
2958,
2959,
2960,
2961,
2962,
2963,
2964,
2966,
2967,
2968,
2969,
2970,
2971,
2972,
2973,
2974,
2975,
2976,
2977,
2978,
2979,
2980,
2981,
2982,
2983,
2984,
2985,
2986,
2987,
2988,
2989,
2990,
2991,
2992,
2993,
2994,
2995,
2996,
2997,
2998,
3000,
3001,
3002,
3003,
3004,
3005,
3006,
3009,
3010,
3012,
3013,
3014,
3015,
3016,
3017,
3018,
3019,
3020,
3021,
3022,
3023,
3024,
3025,
3026,
3028,
3030,
3032,
3039,
3040,
3041,
3042,
3043,
3047,
3049,
3050,
3051,
3053,
3054,
3055,
3056,
3057,
3058,
3059,
3060,
3061,
3062,
3064,
3065,
3066,
3067,
3068,
3069,
3070,
3071,
3072,
3073,
3074,
3075,
3076,
3077,
3078,
3079,
3080,
3081,
3082,
3083,
3084,
3085,
3086,
3087,
3088,
3089,
3090,
3091,
3093,
3094,
3095,
3097,
3098,
3099,
3100,
3101,
3102,
3103,
3104,
3105,
3106,
3107,
3110,
3111,
3112,
3113,
3114,
3115,
3116,
3117,
3118,
3119,
3123,
3124,
3125,
3126,
3127,
3128,
3129,
3130,
3131,
3132,
3133,
3134,
3135,
3136,
3137,
3138,
3139,
3140,
3141,
3142,
3155,
3159,
3168,
3169,
3184,
3185,
3186,
3187,
3188,
3189,
3191,
3192,
3193,
3196,
3197,
3199,
3201,
3202,
3203,
3204,
3205,
3206,
3207,
3208,
3209,
3210,
3211,
3212,
3213,
3214,
3215,
3216,
3217,
3218,
3219,
3220,
3221,
3222,
3223,
3224,
3225,
3226,
3227,
3228,
3229,
3230,
3231,
3232,
3233,
3234,
3235,
3236,
3237,
3239,
3240,
3241,
3242,
3243,
3244,
3245,
3246,
3247,
3248,
3249,
3250,
3251,
3252,
3253,
3254,
3255,
3256,
3257,
3258,
3265,
3266,
3267,
3268,
3269,
3270,
3271,
3272,
3273,
3274,
3276,
3277,
3278,
3279,
3280,
3281,
3282,
3283,
3284,
3285,
3286,
3287,
3288,
3289,
3290,
3291,
3292,
3293,
3294,
3295,
3296,
3297,
3298,
3299,
3300,
3301,
3302,
3303,
3304,
3305,
3306,
3307,
3308,
3309,
3312,
3314,
3315,
3316,
3317,
3318,
3319,
3320,
3321,
3322,
3324,
3325,
3326,
3327,
3328,
3329,
3330,
3331,
3332,
3333,
3334,
3335,
3336,
3337,
3338,
3339,
3340,
3341,
3342,
3343,
3344,
3345,
3346,
3347,
3349,
3350,
3351,
3352,
3353,
3354,
3355,
3356,
3357,
3358,
3361,
3363,
3364,
3365,
3366,
3367,
3368,
3369,
3370,
3371,
3372,
3373,
3374,
3375,
3376,
3377,
3378,
3379,
3380,
3381,
3384,
3390,
3391,
3392,
3393,
3394,
3395,
3396,
3397,
3398,
3399,
3400,
3401,
3402,
3403,
3404,
3405,
3406,
3407,
3408,
3410,
3411,
3412,
3413,
3414,
3415,
3416,
3417,
3418,
3419,
3420,
3421,
3422,
3423,
3424,
3425,
3426,
3427,
3428,
3429,
3432,
3433,
3441,
3443,
3444,
3445,
3446,
3447,
3448,
3449,
3450,
3451,
3452,
3453,
3454,
3455,
3456,
3457,
3458,
3459,
3460,
3461,
3462,
3463,
3464,
3465,
3466,
3467,
3468,
3469,
3470,
3471,
3473,
3474,
3475,
3476,
3477,
3478,
3479,
3480,
3481,
3482,
3484,
3485,
3486,
3487,
3488,
3489,
3490,
3491,
3492,
3495,
3497,
3498,
3499,
3500,
3501,
3502,
3503,
3504,
3507,
3508,
3509,
3510,
3512,
3513,
3515,
3516,
3517,
3519,
3521,
3522,
3525,
3526,
3528,
3529,
3530,
3531,
3532,
3533,
3534,
3535,
3536,
3537,
3538,
3539,
3540,
3541,
3542,
3543,
3544,
3545,
3546,
3550,
3554,
3555,
3556,
3557,
3558,
3559,
3562,
3564,
3571,
3572,
3573,
3574,
3575,
3577,
3578,
3579,
3580,
3581,
3582,
3583,
3584,
3585,
3586,
3587,
3588,
3589,
3590,
3591,
3592,
3593,
3594,
3596,
3597,
3598,
3599,
3600,
3601,
3602,
3603,
3604,
3605,
3606,
3607,
3608,
3609,
3610,
3611,
3612,
3613,
3615,
3616,
3617,
3618,
3621,
3622,
3623,
3624,
3625,
3626,
3627,
3628,
3629,
3630,
3631,
3632,
3633,
3634,
3635,
3636,
3637,
3638,
3639,
3640,
3641,
3642,
3643,
3644,
3645,
3646,
3647,
3649,
3650,
3651,
3653,
3654,
3655,
3657,
3658,
3659,
3662,
3663,
3664,
3665,
3666,
3667,
3668,
3669,
3670,
3671,
3672,
3673,
3674,
3675,
3676,
3677,
3682,
3683,
3684,
3685,
3686,
3687,
3688,
3689,
3690,
3692,
3693,
3694,
3700,
3701,
3702,
3705,
3706,
3707,
3708,
3709,
3710,
3711,
3712,
3713,
3715,
3716,
3717,
3718,
3719,
3720,
3721,
3723,
3724,
3725,
3726,
3727,
3728,
3729,
3730,
3731,
3732,
3733,
3736,
3737,
3738,
3739,
3740,
3741,
3742,
3743,
3744,
3745,
3746,
3747,
3749,
3750,
3752,
3754,
3755,
3756,
3757,
3758,
3759,
3760,
3761,
3762,
3763,
3764,
3767,
3768,
3769,
3773,
3774,
3775,
3778,
3779,
3780,
3781,
3782,
3783,
3784,
3785,
3787,
3788,
3789,
3790,
3791,
3792,
3793,
3794,
3795,
3796,
3797,
3799,
3800,
3801,
3803,
3804,
3805,
3806,
3807,
3808,
3809,
3810,
3811,
3812,
3813,
3814,
3815,
3816,
3817,
3818,
3819,
3823,
3824,
3825,
3831,
3832,
3833,
3834,
3835,
3836,
3837,
3838,
3839,
3840,
3841,
3842,
3843,
3844,
3845,
3846,
3847,
3848,
3849,
3850,
3851,
3853,
3854,
3855,
3856,
3857,
3858,
3859,
3860,
3861,
3862,
3863,
3864,
3865,
3866,
3867,
3868,
3869,
3871,
3872,
3874,
3875,
3876,
3877,
3878,
3879,
3880,
3881,
3882,
3883,
3884,
3885,
3886,
3887,
3888,
3889,
3891,
3892,
3895,
3896,
3897,
3898,
3899,
3900,
3903,
3904,
3905,
3906,
3907,
3909,
3910,
3911,
3912,
3913,
3914,
3924,
3925,
3926,
3927,
3928,
3929,
3930,
3931,
3932,
3933,
3935,
3936,
3937,
3938,
3939,
3940,
3942,
3943,
3944,
3945,
3946,
3947,
3948,
3949,
3950,
3951,
3952,
3953,
3954,
3955,
3956,
3958,
3959,
3960,
3962,
3964,
3965,
3966,
3967,
3969,
3972,
3973,
3974,
3984,
3985,
3986,
3987,
3988,
3990,
3991,
3992,
3993,
3994,
3996,
3997,
3999,
4000,
4001,
4003,
4005,
4006,
4007,
4008,
4010,
4013,
4014,
4015,
4017,
4018,
4019,
4020,
4021,
4022,
4023,
4024,
4025,
4026,
4027,
4028,
4030,
4031,
4032,
4033,
4034,
4035,
4037,
4038,
4039,
4040,
4041,
4042,
4043,
4045,
4048,
4050,
4051,
4052,
4053,
4054,
4055,
4056,
4057,
4059,
4063,
4064,
4065,
4067,
4069,
4071,
4072,
4073,
4074,
4075,
4076,
4077,
4078,
4079,
4080,
4081,
4083,
4084,
4085,
4086,
4089,
4090,
4095,
4096,
4097,
4098,
4099,
4100,
4101,
4102,
4103,
4104,
4105,
4106,
4107,
4113,
4114,
4115,
4116,
4117,
4118,
4119,
4120,
4121,
4122,
4123,
4124,
4125,
4126,
4127,
4128,
4129,
4130,
4131,
4132,
4133,
4134,
4135,
4136,
4137,
4138,
4139,
4140,
4141,
4142,
4143,
4144,
4145,
4146,
4147,
4148,
4149,
4150,
4151,
4155,
4156,
4157,
4166,
4167,
4168,
4169,
4170,
4171,
4172,
4173,
4174,
4175,
4176,
4177,
4178,
4180,
4181,
4182,
4183,
4185,
4186,
4187,
4188,
4189,
4190,
4191,
4192,
4193,
4194,
4195,
4197,
4198,
4199,
4200,
4201,
4202,
4203,
4204,
4205,
4206,
4207,
4208,
4209,
4210,
4212,
4213,
4214,
4215,
4216,
4217,
4218,
4219,
4220,
4221,
4222,
4223,
4224,
4225,
4226,
4227,
4228,
4229,
4230,
4231,
4232,
4235,
4236,
4237,
4238,
4239,
4240,
4241,
4242,
4243,
4244,
4246,
4247,
4248,
4249,
4250,
4252,
4253,
4255,
4256,
4257,
4258,
4259,
4260,
4261,
4262,
4263,
4265,
4266,
4267,
4268,
4269,
4271,
4272,
4273,
4274,
4275,
4276,
4277,
4278,
4279,
4280,
4281,
4282,
4283,
4284,
4286,
4291,
4292,
4295,
4296,
4297,
4298,
4299,
4300,
4301,
4302,
4303,
4304,
4305,
4306,
4307,
4308,
4309,
4310,
4311,
4312,
4313,
4314,
4319,
4320,
4323,
4324,
4325,
4327,
4328,
4330,
4332,
4334,
4335,
4336,
4337,
4340,
4341,
4342,
4343,
4344,
4345,
4354,
4357,
4359,
4361,
4363,
4364,
4365,
4366,
4367,
4368,
4371,
4372,
4374,
4375,
4376,
4377,
4379,
4380,
4382,
4383,
4384,
4385,
4386,
4387,
4388,
4391,
4392,
4393,
4394,
4395,
4396,
4397,
4398,
4399,
4400,
4401,
4402,
4403,
4404,
4405,
4406,
4407,
4408,
4409,
4410,
4411,
4412,
4413,
4414,
4415,
4421,
4422,
4423,
4424,
4425,
4426,
4427,
4428,
4429,
4430,
4431,
4432,
4434,
4435,
4436,
4437,
4438,
4439,
4440,
4441,
4442,
4443,
4444,
4445,
4446,
4447,
4448,
4449,
4450,
4452,
4453,
4455,
4456,
4460,
4461,
4462,
4463,
4464,
4465,
4467,
4468,
4469,
4470,
4471,
4473,
4474,
4475,
4476,
4477,
4478,
4479,
4480,
4481,
4482,
4484,
4485,
4486,
4487,
4488,
4489,
4490,
4491,
4494,
4495,
4496,
4497,
4498,
4499,
4500,
4502,
4503,
4504,
4505,
4506,
4507,
4509,
4511,
4512,
4513,
4514,
4515,
4516,
4517,
4519,
4521,
4525,
4526,
4527,
4528,
4529,
4530,
4532,
4533,
4534,
4535,
4536,
4537,
4538,
4539,
4540,
4541,
4542,
4543,
4544,
4545,
4547,
4548,
4549,
4550,
4551,
4552,
4553,
4554,
4555,
4556,
4559,
4560,
4561,
4562,
4567,
4569,
4570,
4571,
4572,
4573,
4574,
4575,
4576,
4577,
4578,
4579,
4580,
4582,
4583,
4584,
4585,
4587,
4588,
4589,
4592,
4597,
4598,
4599,
4602,
4603,
4604,
4605,
4606,
4607,
4609,
4610,
4611,
4613,
4614,
4617,
4618,
4619,
4620,
4621,
4622,
4623,
4624,
4626,
4627,
4628,
4629,
4630,
4631,
4632,
4642,
4643,
4644,
4645,
4646,
4647,
4648,
4649,
4650,
4651,
4652,
4653,
4656,
4657,
4658,
4659,
4660,
4661,
4662,
4663,
4664,
4665,
4666,
4667,
4668,
4670,
4673,
4674,
4679,
4683,
4685,
4686,
4687,
4688,
4691,
4693,
4694,
4703,
4704,
4705,
4707,
4708,
4709,
4710,
4712,
4713,
4718,
4719,
4720,
4721,
4722,
4723,
4724,
4725,
4727,
4728,
4729,
4730,
4731,
4733,
4734,
4736,
4737,
4738,
4740,
4741,
4742,
4743,
4744,
4745,
4746,
4747,
4748,
4749,
4751,
4753,
4754,
4756,
4759,
4760,
4761,
4763,
4765,
4767,
4768,
4769,
4771,
4772,
4774,
4779,
4780,
4781,
4784,
4786,
4787,
4788,
4789,
4791,
4792,
4793,
4794,
4795,
4796,
4797,
4798,
4799,
4804,
4805,
4808,
4810,
4812,
4813,
4814,
4815,
4816,
4817,
4818,
4819,
4820,
4821,
4822,
4823,
4825,
4826,
4827,
4828,
4829,
4830,
4836,
4839,
4842,
4843,
4844,
4845,
4846,
4847,
4848,
4849,
4850,
4851,
4852,
4853,
4854,
4855,
4856,
4857,
4859,
4860,
4861,
4863,
4864,
4865,
4866,
4867,
4868,
4869,
4870,
4871,
4872,
4873,
4874,
4875,
4878,
4879,
4886,
4887,
4888,
4889,
4890,
4892,
4893,
4894,
4895,
4896,
4897,
4898,
4899,
4900,
4905,
4907,
4908,
4909,
4910,
4913,
4916,
4917,
4919,
4920,
4921,
4922,
4924,
4927,
4930,
4931,
4933,
4937,
4938,
4939,
4940,
4941,
4943,
4944,
4945,
4946,
4947,
4948,
4950,
4951,
4952,
4953,
4954,
4955,
4957,
4959,
4960,
4962,
4963,
4966,
4967,
4968,
4969,
4971,
4972,
4974,
4975,
4976,
4977,
4978,
4979,
4980,
4981,
4982,
4985,
4988,
4990,
4991,
4992,
4993,
4994,
4995,
4997,
5004,
5005,
5006,
5009,
5010,
5011,
5012,
5013,
5014,
5015,
5016,
5018,
5020,
5023,
5025,
5026,
5027,
5031,
5033,
5034,
5035,
5036,
5037,
5038,
5040,
5042,
5045,
5046,
5048,
5050,
5052,
5055,
5056,
5058,
5059,
5060,
5061,
5062,
5069,
5071,
5072,
5073,
5074,
5075,
5076,
5077,
5078,
5079,
5081,
5083,
5084,
5085,
5086,
5089,
5090,
5091,
5092,
5093,
5095,
5096,
5097,
5098,
5100,
5101,
5106,
5107,
5108,
5109,
5110,
5111,
5112,
5114,
5119,
5120,
5121,
5123,
5124,
5126,
5127,
5128,
5129,
5134,
5135,
5136,
5137,
5138,
5139,
5140,
5141,
5142,
5143,
5144,
5145,
5146,
5147,
5148,
5150,
5151,
5152,
5153,
5154,
5160,
5161,
5162,
5164,
5165,
5168,
5170,
5171,
5172,
5173,
5174,
5175,
5177,
5178,
5179,
5184,
5187,
5188,
5189,
5190,
5191,
5193,
5195,
5196,
5198,
5199,
5200,
5201,
5202,
5205,
5206,
5207,
5208,
5209,
5210,
5212,
5213,
5216,
5217,
5218,
5219,
5221,
5224,
5225,
5226,
5227,
5228,
5230,
5231,
5232,
5233,
5235,
5236,
5237,
5238,
5239,
5240,
5241,
5242,
5245,
5246,
5248,
5249,
5251,
5254,
5255,
5256,
5257,
5258,
5259,
5261,
5262,
5265,
5267,
5268,
5269,
5270,
5271,
5272,
5273,
5274,
5276,
5277,
5280,
5281,
5282,
5283,
5284,
5285,
5286,
5287,
5288,
5289,
5291,
5293,
5294,
5295,
5296,
5300,
5301,
5303,
5304,
5309,
5311,
5313,
5315,
5316,
5317,
5318,
5319,
5321,
5322,
5323,
5324,
5326,
5328,
5329,
5330,
5331,
5332,
5333,
5334,
5335,
5337,
5338,
5339,
5340,
5342,
5343,
5344,
5345,
5349,
5351,
5352,
5353,
5355,
5356,
5357,
5358,
5359,
5360,
5362,
5363,
5364,
5365,
5366,
5367,
5368,
5372,
5373,
5374,
5375,
5377,
5378,
5379,
5380,
5381,
5382,
5383,
5384,
5385,
5387,
5388,
5389,
5390,
5391,
5393,
5394,
5395,
5396,
5397,
5398,
5399,
5400,
5401,
5402,
5405,
5406,
5407,
5408,
5409,
5412,
5418,
5419,
5420,
5421,
5422,
5423,
5425,
5426,
5427,
5428,
5429,
5431,
5434,
5435,
5437,
5439,
5440,
5441,
5443,
5446,
5447,
5448,
5451,
5455,
5456,
5457,
5458,
5459,
5463,
5466,
5468,
5469,
5470,
5471,
5474,
5475,
5476,
5477,
5479,
5480,
5483,
5495,
5496,
5499,
5500,
5502,
5503,
5507,
5508,
5510,
5511,
5512,
5513,
5514,
5515,
5516,
5520,
5521,
5524,
5525,
5526,
5527,
5528,
5529,
5530,
5531,
5533,
5534,
5536,
5538,
5539,
5540,
5541,
5543,
5544,
5545,
5546,
5547,
5549,
5555,
5558,
5559,
5560,
5562,
5565,
5567,
5569,
5570,
5572,
5573,
5574,
5586,
5587,
5588,
5589,
5590,
5592,
5593,
5594,
5601,
5602,
5603,
5604,
5605,
5606,
5607,
5610,
5612,
5613,
5614,
5616,
5617,
5621,
5622,
5623,
5624,
5625,
5626,
5627,
5628,
5630,
5631,
5633,
5634,
5637,
5638,
5640,
5641,
5644,
5652,
5654,
5659,
5662,
5663,
5664,
5666,
5669,
5671,
5672,
5675,
5676,
5679,
5680,
5682,
5687,
5688,
5689,
5690,
5691,
5692,
5699,
5701,
5702,
5703,
5704,
5705,
5708,
5709,
5711,
5713,
5715,
5717,
5719,
5721,
5722,
5723,
5724,
5727,
5728,
5730,
5731,
5734,
5737,
5738,
5739,
5740,
5741,
5742,
5743,
5746,
5749,
5750,
5751,
5752,
5753,
5757,
5758,
5761,
5762,
5763,
5764,
5766,
5771,
5772,
5773,
5774,
5775,
5776,
5777,
5778,
5779,
5781,
5782,
5783,
5786,
5787,
5788,
5789,
5790,
5792,
5793,
5796,
5797,
5798,
5800,
5801,
5802,
5804,
5805,
5809,
5811,
5812,
5813,
5814,
5815,
5816,
5817,
5821,
5822,
5823,
5825,
5826,
5827,
5828,
5829,
5830,
5832,
5833,
5835,
5838,
5839,
5849,
5851,
5857,
5858,
5859,
5860,
5862,
5863,
5865,
5874,
5875,
5876,
5877,
5880,
5882,
5883,
5884,
5893,
5899,
5900,
5901,
5920,
5921,
5922,
5925,
5926,
5930,
5932,
5933,
5934,
5940,
5941,
5942,
5943,
5954,
5957,
5958,
5960,
5961,
5963,
5964,
5968,
5969,
5971,
5972,
5974,
5975,
5976,
5977,
5978,
5979,
5981,
5985,
5986,
5988,
5989,
5991,
5992,
5994,
5995,
5996,
5998,
5999,
6005,
6007,
6008,
6009,
6010,
6011,
6012,
6013,
6014,
6015,
6016,
6017,
6018,
6020,
6021,
6022,
6023,
6032,
6033,
6034,
6035,
6037,
6038,
6039,
6040,
6049,
6050,
6053,
6054,
6055,
6056,
6057,
6058,
6059,
6062,
6064,
6065,
6067,
6070,
6071,
6072,
6073,
6074,
6075,
6076,
6077,
6078,
6081,
6083,
6086,
6087,
6089,
6096,
6098,
6100,
6101,
6102,
6104,
6105,
6107,
6108,
6109,
6111,
6112,
6114,
6115,
6118,
6120,
6121,
6131,
6132,
6134,
6135,
6147,
6152,
6153,
6154,
6159,
6160,
6162,
6164,
6165,
6167,
6171,
6173,
6175,
6178,
6179,
6181,
6182,
6183,
6184,
6186,
6189,
6193,
6194,
6198,
6201,
6202,
6206,
6207,
6208,
6209,
6218,
6221,
6223,
6224,
6227,
6238,
6239,
6241,
6242,
6251,
6254,
6256,
6260,
6264,
6265,
6266,
6281,
6289,
6290,
6292,
6295,
6305,
6308,
6323,
6333,
6334,
6337,
6339,
6343,
6344,
6345,
6346,
6347,
6352,
6353,
6356,
6357,
6358,
6363,
6382,
6383,
6384,
6385,
6396,
6399,
6400,
6401,
6402,
6407,
6408,
6411,
6413,
6414,
6415,
6427,
6432,
6438,
6450,
6452,
6453,
6471,
6472,
6473,
6477,
6479,
6480,
6484,
6489,
6490,
6492,
6493,
6494,
6495,
6496,
6501,
6508,
6513,
6514,
6515,
6518,
6521,
6522,
6523,
6524,
6525,
6526,
6527,
6528,
6530,
6532,
6539,
6544,
6548,
6549,
6551,
6553,
6554,
6555,
6556,
6558,
6559,
6560,
6561,
6562,
6563,
6564,
6566,
6568,
6570,
6571,
6572,
6576,
6580,
6583,
6590,
6594,
6596,
6606,
6607,
6608,
6610,
6612,
6613,
6615,
6616,
6617,
6618,
6619,
6620,
6622,
6623,
6626,
6627,
6630,
6638,
6639,
6642,
6645,
6646,
6647,
6648,
6659,
6660,
6661,
6662,
6664,
6666,
6669,
6671,
6672,
6673,
6674,
6676,
6678,
6679,
6680,
6681,
6682,
6687,
6689,
6694,
6696,
6699,
6700,
6701,
6707,
6708,
6713,
6714,
6717,
6719,
6721,
6725,
6729,
6738,
6740,
6742,
6752,
6754,
6755,
6756,
6757,
6760,
6761,
6770,
6773,
6778,
6779,
6780,
6781,
6783,
6785,
6786,
6797,
6800,
6806,
6818,
6820,
6827,
6829,
6831,
6834,
6837,
6838,
6843,
6845,
6847,
6849,
6855,
6859,
6860,
6862,
6864,
6866,
6868,
6871,
6872,
6874,
6878,
6881,
6887,
6888,
6893,
6903,
6906,
6908,
6909,
6910,
6915,
6916,
6917,
6922,
6929,
6930,
6931,
6933,
6934,
6944,
6948,
6958,
6965,
6966,
6983,
6984,
6986,
6987,
6988,
6994,
6998,
6999,
7003,
7006,
7007,
7008,
7010,
7012,
7015,
7022,
7023,
7030,
7032,
7033,
7034,
7035,
7043,
7045,
7049,
7052,
7053,
7054,
7066,
7074,
7078,
7085,
7089,
7093,
7103,
7105,
7112,
7122,
7129,
7136,
7140,
7141,
7146,
7157,
7160,
7161,
7168,
7171,
7172,
7177,
7205,
7214,
7215,
7219,
7220,
7227,
7234,
7235,
7236,
7240,
7242,
7247,
7248,
7253,
7254,
7255,
7257,
7259,
7265,
7266,
7267,
7272,
7277,
7279,
7283,
7284,
7285,
7289,
7293,
7296,
7299,
7300,
7301,
7305,
7306,
7307,
7310,
7314,
7317,
7319,
7321,
7330,
7331,
7338,
7340,
7343,
7344,
7353,
7354,
7355,
7356,
7358,
7361,
7363,
7364,
7366,
7376,
7380,
7382,
7383,
7385,
7389,
7390,
7392,
7400,
7401,
7402,
7405,
7407,
7413,
7414,
7418,
7421,
7423,
7429,
7433,
7436,
7447,
7452,
7457,
7458,
7469,
7472,
7474,
7475,
7476,
7480,
7488,
7490,
7492,
7493,
7494,
7495,
7502,
7504,
7505,
7508,
7522,
7523,
7524,
7527,
7528,
7529,
7530,
7531,
7532,
7534,
7536,
7538,
7549,
7551,
7553,
7554,
7561,
7562,
7574,
7584,
7587,
7589,
7591,
7592,
7595,
7598,
7603,
7605,
7607,
7611,
7613,
7620,
7625,
7626,
7627,
7628,
7642,
7647,
7648,
7649,
7651,
7668,
7673,
7674,
7677,
7678,
7682,
7683,
7685,
7686,
7692,
7694,
7696,
7699,
7700,
7711,
7714,
7716,
7717,
7718,
7719,
7723,
7726,
7727,
7728,
7729,
7730,
7732,
7733,
7735,
7737,
7742,
7743,
7744,
7748,
7750,
7758,
7760,
7761,
7762,
7777,
7779,
7781,
7783,
7784,
7786,
7794,
7802,
7813,
7817,
7819,
7822,
7826,
7827,
7834,
7837,
7838,
7839,
7840,
7842,
7846,
7848,
7851,
7852,
7855,
7857,
7868,
7896,
7903,
7907,
7909,
7911,
7913,
7915,
7917,
7920,
7923,
7924,
7926,
7938,
7939,
7940,
7948,
7949,
7953,
7956,
7963,
7964,
7969,
7970,
7973,
7975,
7979,
7989,
7992,
7994,
7996,
7997,
7998,
7999,
8004,
8006,
8007,
8013,
8023,
8024,
8025,
8027,
8032,
8034,
8035,
8038,
8039,
8044,
8045,
8046,
8047,
8049,
8052,
8053,
8056,
8058,
8072,
8074,
8076,
8077,
8078,
8079,
8080,
8081,
8083,
8085,
8088,
8089,
8101,
8104,
8106,
8107,
8114,
8115,
8121,
8122,
8124,
8135,
8136,
8142,
8147,
8148,
8149,
8152,
8163,
8181,
8184,
8187,
8198,
8200,
8207,
8215,
8225,
8251,
8263,
8270,
8271,
8274,
8275,
8280,
8281,
8286,
8299,
8302,
8303,
8304,
8306,
8310,
8312,
8313,
8314,
8316,
8318,
8321,
8333,
8334,
8335,
8341,
8344,
8347,
8348,
8358,
8359,
8363,
8379,
8381,
8383,
8384,
8385,
8388,
8389,
8393,
8395,
8399,
8401,
8402,
8404,
8410,
8416,
8418,
8420,
8421,
8422,
8423,
8424,
8425,
8426,
8427,
8428,
8436,
8438,
8440,
8444,
8448,
8453,
8454,
8455,
8456,
8459,
8460,
8464,
8465,
8466,
8469,
8470,
8473,
8477,
8478,
8482,
8489,
8495,
8497,
8498,
8499,
8500,
8501,
8518,
8519,
8521,
8527,
8532,
8536,
8537,
8542,
8553,
8554,
8555,
8557,
8558,
8559,
8561,
8563,
8568,
8569,
8580,
8581,
8582,
8591,
8592,
8597,
8598,
8599,
8602,
8603,
8604,
8605,
8606,
8608,
8609,
8610,
8611,
8615,
8617,
8622,
8623,
8624,
8632,
8634,
8643,
8645,
8647,
8651,
8655,
8675,
8676,
8689,
8690,
8699,
8700,
8703,
8704,
8709,
8713,
8714,
8727,
8731,
8736,
8737,
8738,
8739,
8742,
8744,
8746,
8752,
8754,
8756,
8757,
8758,
8765,
8768,
8775,
8779,
8780,
8788,
8806,
8807,
8811,
8812,
8813,
8815,
8817,
8822,
8824,
8825,
8826,
8828,
8829,
8830,
8832,
8833,
8834,
8836,
8839,
8842,
8846,
8847,
8848,
8850,
8854,
8855,
8857,
8859,
8861,
8862,
8863,
8864,
8865,
8866,
8867,
8868,
8869,
8873,
8874,
8877,
8878,
8879,
8880,
8897,
8900,
8913,
8915,
8923,
8929,
8930,
8936,
8937,
8950,
8952,
8956,
8957,
8960,
8964,
8965,
8971,
8975,
8976,
8977,
8978,
8980,
8982,
8985,
8987,
8990,
8999,
9000,
9001,
9002,
9003,
9004,
9005,
9008,
9022,
9023,
9028,
9030,
9031,
9032,
9033,
9037,
9042,
9050,
9058,
9059,
9060,
9065,
9070,
9075,
9077,
9079,
9080,
9081,
9090,
9091,
9092,
9093,
9095,
9109,
9111,
9119,
9125,
9127,
9129,
9130,
9164,
9175,
9178,
9179,
9183,
9188,
9189,
9190,
9201,
9203,
9217,
9219,
9221,
9224,
9231,
9236,
9240,
9242,
9247,
9248,
9255,
9261,
9270,
9275,
9281,
9287,
9296,
9305,
9306,
9311,
9316,
9321,
9354,
9356,
9359,
9361,
9365,
9369,
9371,
9373,
9385,
9390,
9391,
9392,
9395,
9397,
9400,
9401,
9403,
9406,
9409,
9410,
9411,
9418,
9421,
9422,
9425,
9429,
9443,
9445,
9446,
9448,
9452,
9458,
9461,
9476,
9478,
9480,
9482,
9486,
9493,
9503,
9509,
9513,
9524,
9541,
9547,
9548,
9549,
9553,
9565,
9569,
9573,
9585,
9591,
9592,
9594,
9597,
9601,
9608,
9612,
9615,
9625,
9631,
9632,
9635,
9636,
9638,
9639,
9643,
9652,
9657,
9664,
9668,
9679,
9680,
9682,
9683,
9687,
9688,
9691,
9698,
9699,
9709,
9711,
9713,
9714,
9717,
9718,
9720,
9725,
9736,
9739,
9740,
9748,
9749,
9763,
9765,
9769,
9777,
9778,
9780,
9789,
9795,
9797,
9799,
9801,
9802,
9806,
9814,
9825,
9828,
9829,
9845,
9849,
9857,
9862,
9874,
9876,
9877,
9880,
9882,
9883,
9903,
9909,
9913,
9914,
9916,
9917,
9919,
9922,
9928,
9932,
9935,
9936,
9937,
9938,
9939,
9940,
9942,
9943,
9948,
9949,
9958,
9959,
9965,
9971,
9983,
9984,
9985,
9986,
9987,
9988,
9989,
9992,
9993,
9994,
10006,
10009,
10023,
10026,
10032,
10033,
10052,
10055,
10056,
10057,
10065,
10096,
10100,
10103,
10104,
10113,
10124,
10126,
10138,
10139,
10140,
10149,
10150,
10152,
10153,
10154,
10158,
10165,
10169,
10174,
10176,
10178,
10179,
10180,
10182,
10184,
10186,
10192,
10198,
10205,
10219,
10228,
10234,
10236,
10241,
10254,
10256,
10269,
10281,
10284,
10286,
10296,
10297,
10309,
10310,
10317,
10319,
10324,
10328,
10335,
10339,
10340,
10343,
10344,
10351,
10360,
10365,
10366,
10375,
10378,
10384,
10386,
10390,
10395,
10400,
10401,
10402,
10403,
10404,
10407,
10408,
10410,
10419,
10424,
10440,
10441,
10442,
10445,
10447,
10449,
10452,
10456,
10459,
10461,
10463,
10464,
10467,
10469,
10473,
10476,
10477,
10479,
10480,
10483,
10485,
10490,
10491,
10492,
10496,
10498,
10504,
10505,
10511,
10513,
10516,
10524,
10526,
10529,
10530,
10534,
10536,
10545,
10549,
10553,
10554,
10557,
10585,
10592,
10603,
10616,
10621,
10623,
10626,
10636,
10638,
10648,
10653,
10654,
10656,
10658,
10660,
10662,
10663,
10669,
10671,
10673,
10685,
10689,
10695,
10696,
10704,
10706,
10710,
10712,
10713,
10716,
10720,
10730,
10734,
10744,
10761,
10762,
10764,
10770,
10772,
10776,
10784,
10790,
10792,
10793,
10797,
10805,
10808,
10811,
10814,
10815,
10816,
10819,
10823,
10825,
10827,
10833,
10837,
10854,
10861,
10871,
10874,
10875,
10879,
10889,
10900,
10903,
10907,
10925,
10932,
10933,
10936,
10937,
10959,
10966,
10977,
10979,
10985,
10986,
10987,
10988,
10989,
10993,
10997,
10998,
11032,
11038,
11039,
11044,
11045,
11047,
11051,
11060,
11061,
11073,
11074,
11075,
11079,
11088,
11092,
11093,
11094,
11110,
11112,
11113,
11121,
11124,
11125,
11129,
11131,
11134,
11136,
11138,
11139,
11140,
11142,
11146,
11148,
11151,
11152,
11157,
11158,
11167,
11171,
11174,
11175,
11178,
11182,
11184,
11192,
11194,
11198,
11200,
11209,
11212,
11213,
11217,
11218,
11219,
11243,
11251,
11253,
11255,
11256,
11257,
11258,
11259,
11260,
11264,
11265,
11268,
11269,
11281,
11290,
11297,
11300,
11304,
11309,
11310,
11311,
11312,
11313,
11315,
11316,
11319,
11327,
11330,
11332,
11333,
11334,
11335,
11338,
11341,
11343,
11349,
11366,
11368,
11369,
11370,
11371,
11373,
11379,
11381,
11382,
11385,
11400,
11401,
11410,
11411,
11412,
11413,
11414,
11418,
11420,
11421,
11422,
11425,
11426,
11435,
11438,
11443,
11444,
11445,
11446,
11456,
11460,
11461,
11462,
11464,
11465,
11466,
11475,
11479,
11494,
11498,
11502,
11503,
11510,
11511,
11512,
11513,
11520,
11524,
11525,
11539,
11540,
11544,
11548,
11551,
11553,
11554,
11556,
11559,
11560,
11564,
11565,
11566,
11567,
11569,
11576,
11577,
11580,
11581,
11583,
11588,
11589,
11591,
11594,
11595,
11600,
11601,
11603,
11604,
11605,
11608,
11611,
11613,
11627,
11634,
11646,
11650,
11653,
11654,
11655,
11656,
11657,
11658,
11660,
11663,
11664,
11667,
11670,
11671,
11673,
11674,
11677,
11678,
11680,
11697,
11698,
11700,
11717,
11720,
11721,
11722,
11727,
11729,
11730,
11734,
11735,
11737,
11740,
11747,
11758,
11759,
11763,
11765,
11766,
11771,
11782,
11788,
11793,
11794,
11802,
11809,
11810,
11811,
11814,
11815,
11821,
11823,
11826,
11834,
11839,
11852,
11853,
11864,
11865,
11867,
11869,
11870,
11871,
11873,
11874,
11875,
11880,
11889,
11900,
11902,
11918,
11920,
11921,
11925,
11926,
11929,
11930,
11931,
11932,
11934,
11941,
11943,
11955,
11962,
11973,
11975,
11978,
11982,
11983,
11984,
11985,
11986,
11992,
11993,
11994,
11998,
12007,
12008,
12009,
12013,
12014,
12017,
12020,
12022,
12029,
12033,
12038,
12042,
12046,
12047,
12054,
12063,
12064,
12076,
12082,
12083,
12084,
12088,
12090,
12095,
12098,
12110,
12111,
12112,
12116,
12124,
12125,
12126,
12131,
12133,
12139,
12140,
12149,
12154,
12158,
12166,
12168,
12169,
12171,
12172,
12173,
12175,
12177,
12178,
12180,
12181,
12182,
12186,
12190,
12192,
12193,
12194,
12197,
12202,
12204,
12221,
12222,
12223,
12226,
12235,
12238,
12248,
12250,
12256,
12258,
12263,
12270,
12271,
12276,
12278,
12279,
12281,
12282,
12294,
12301,
12305,
12307,
12308,
12309,
12321,
12329,
12330,
12343,
12347,
12348,
12349,
12351,
12352,
12355,
12361,
12377,
12381,
12383,
12390,
12391,
12392,
12395,
12399,
12407,
12416,
12417,
12423,
12424,
12428,
12429,
12430,
12432,
12435,
12437,
12445,
12446,
12447,
12454,
12456,
12462,
12468,
12471,
12472,
12476,
12478,
12479,
12481,
12483,
12486,
12489,
12491,
12494,
12495,
12496,
12497,
12498,
12502,
12503,
12505,
12516,
12519,
12534,
12538,
12548,
12556,
12562,
12572,
12574,
12582,
12596,
12600,
12625,
12637,
12642,
12667,
12688,
12691,
12695,
12696,
12698,
12699,
12722,
12730,
12739,
12742,
12753,
12754,
12755,
12756,
12767,
12768,
12786,
12788,
12795,
12796,
12797,
12799,
12801,
12802,
12804,
12810,
12870,
12871,
12887,
12893,
12894,
12900,
12906,
12960,
13007,
13015,
13020,
13031,
13040,
13043,
13050,
13056,
13073,
13086,
13097,
13108,
13119,
13129,
16002,
16022,
16024,
16026,
17036,
17038,
17040,
17083,
17084,
17086,
17087,
17091,
17096,
17108,
17119,
17120,
17137,
17150,
17172,
17190,
17212,
17216,
17254,
18612,
18622,
18712,
19819,
19820,
19822,
19823,
19825,
19829,
19834,
19841,
19858,
19948,
19950,
19964,
19978,
19984,
20001,
20002,
20009,
20123,
20148,
20273,
20282,
20316,
20322,
20324,
77600,
777008,
901722,
901724,
9019813,
9019815,